activation,apply_batchnorm,conv_kernel_sizes,conv_layers,dropout,fc_layers,lr,lr_patience,target_weights_0,target_weights_1,target_weights_2,target_weights_3,target_weights_4,loss,status,training_time
relu,True,"[13, 11, 9, 7]","[8,]*4",0.01003271447625631,"[1024, 2048]",0.00031569349132156614,10,1.4299375005260448,0.824707794629571,1.4696980874574543,1.2413664414875187,0.965771319182045,0.008344529833840696,ok,462.04808807373047
elu,False,"[11,]*4","[32,]*4",0.3758652200325792,"[256,]*2",0.003251694725399398,5,0.5479760700382387,1.1346513227649917,0.8917857397114459,1.149147901115894,1.1507012160724743,0.009769347349279806,ok,517.1862196922302
elu,True,"[5,]*4","[32,]*4",0.2383901601784364,"[1024, 2048]",5.724088826427857e-05,20,1.3519959294553527,0.553534656218424,1.251962924737331,1.3972628553852506,1.3018627126058253,0.012088340388512924,ok,514.4410388469696
elu,False,"[5,]*4","[8,]*4",0.4189366102478786,"[2048, 1024]",0.0010506819925533034,5,1.0099038897382098,1.4145380940294991,1.4972838283724572,1.0715757119199831,0.6000720933687541,0.008329703006893396,ok,385.5325393676758
elu,True,"[9,]*4","[8,]*4",0.3822174496959854,"[1024, 2048]",0.00300488404142018,20,1.2438457363281756,0.8893540110002841,1.3873146392827187,0.536499882346883,1.1562590927273075,0.006677839745718397,ok,397.9132328033447
relu,True,"[11,]*4","[8,]*4",0.3242725243818868,"[1024,]*2",7.226319658092214e-05,20,0.57756209235627,1.3367182822716328,1.2164760624629785,0.7597269667092909,1.4671219227809105,0.007633165137744264,ok,393.51626920700073
elu,False,"[9,]*4","[16,]*4",0.08334200782322909,"[128,]*2",0.0042631420901677155,20,0.8843255401778278,0.7897338567105063,1.1397859954359042,1.4292491678542052,1.2008903123332746,0.010915429748006557,ok,379.68085765838623
elu,True,"[7,]*4","[32,]*4",0.1366806178072728,"[256,]*2",0.00042946752386950425,20,0.5297515839057613,0.7922594875213518,0.5615182681825885,0.9531530906635549,0.6998747821566352,0.0035476158740685173,ok,514.1868677139282
relu,True,"[5,]*4","[64,]*4",0.26697648161832377,"[1024, 2048]",0.001439986628743698,20,0.8329692297593712,0.5619973713563648,0.5474475278460162,1.0096660615339301,1.235531458954671,0.0076577263933263326,ok,883.3524024486542
relu,True,"[11,]*4","[32,]*4",0.35506485996697834,"[2048,]*2",0.00018410832944853973,5,1.4697606143445578,1.3410060317801942,1.3445165628013473,0.9058439005857665,1.3705045819564696,0.007887489284927907,ok,627.5213723182678
relu,True,"[11, 9, 7, 5]","[16,]*4",0.04731995830388358,"[1024,]*2",0.0025463652032034793,5,1.4644520504250704,0.9538382658567753,1.3383703060473282,1.3317572564869682,0.7108465508349393,0.007531427949863045,ok,395.13228249549866
elu,True,"[7,]*4","[32,]*4",0.007340174747372752,"[1024, 512]",7.646762730284431e-05,5,0.8154544765351031,0.7342955925356937,1.2423324311879351,1.0995665106347783,1.3759228918615198,0.010329379749141242,ok,530.1532673835754
relu,False,"[11, 9, 7, 5]","[32,]*4",0.36206418872471113,"[2048,]*2",0.004497900185334198,20,0.9006007182260162,1.4514602049296976,0.8059983875033252,1.3480485003531535,1.20426297840221,0.16998218313643806,ok,541.684467792511
elu,True,"[11, 9, 7, 5]","[8,]*4",0.10466369430095984,"[512, 1024]",0.0005909165554388258,20,0.8097489778474534,1.4266461465625675,1.285435475133964,0.7466046568776838,1.0426377651700904,0.005081557815796451,ok,383.44643473625183
elu,True,"[11,]*4","[64,]*4",0.050514684841517,"[128,]*2",0.0001463241790768619,5,0.7245941257949836,0.7860314220018022,1.07193535932863,1.2702915270800106,1.2892462567619307,0.010252776555716991,ok,1310.0551073551178
relu,True,"[5,]*4","[32,]*4",0.2977561386128444,"[512, 1024]",0.00011618624815591563,5,0.8829266862833932,1.4991126397940735,1.0389073625519076,1.1385403207087283,1.0956568200869616,0.0067489175125956535,ok,480.0160102844238
relu,True,"[13, 11, 9, 7]","[64,]*4",0.29892736470155884,"[256,]*2",0.002230502331816609,5,0.81924695082947,1.2495207096030865,1.3866076097089186,0.9979570082402535,0.5865418123374647,0.0036646003075140087,ok,1293.9700264930725
elu,True,"[7,]*4","[32,]*4",0.30933670566247823,"[512,]*2",0.0037580296834612394,20,0.7569292462875087,0.8462338387901501,1.293903486832781,0.8668030007348141,0.8894234759329408,0.004130277243491851,ok,521.943174123764
relu,True,"[7,]*4","[8,]*4",0.09233301443772873,"[512, 1024]",0.0016683414179536247,5,1.2444852552111478,0.9924419544212107,1.281524637391329,1.325527390202418,0.9686943910045855,0.007896671586326863,ok,380.0958003997803
relu,True,"[11, 9, 7, 5]","[16,]*4",0.07841419293666962,"[2048, 1024]",0.0012600058199585746,20,1.368209041877722,0.5222727785359109,0.6544072084338448,1.4995579490387663,0.5462380007988943,0.0074701828784064245,ok,406.7129125595093
elu,False,"[5,]*4","[32,]*4",0.03577954934920452,"[512, 1024]",5.315428576792015e-05,5,1.3839049597148638,0.536507042999734,0.6262220642815558,1.028119037653318,0.6788233544028439,0.00899276808884583,ok,425.96078634262085
relu,True,"[9,]*4","[16,]*4",0.2789914986577492,"[2048,]*2",6.380666129439617e-05,10,1.1499749137296598,1.0266409231041098,0.719223099396772,1.3384514982930562,1.0024660230347426,0.007836059078966317,ok,445.55724573135376
elu,False,"[5,]*4","[16,]*4",0.020321220337651824,"[128,]*2",0.0014166075285976577,5,0.640471873682261,1.4467960776783646,1.2816873132245004,1.1805991305707146,1.071167412940461,0.006885010504016751,ok,372.682240486145
elu,False,"[11,]*4","[8,]*4",0.4222981511078569,"[1024, 2048]",0.00216708507681573,5,1.3468970853689761,1.1374951590924003,0.6908494791606454,1.169585556826345,0.8047379268644687,0.009283878105251412,ok,397.5811388492584
elu,True,"[11,]*4","[16,]*4",0.4170469551837365,"[256,]*2",0.0029175009874017432,10,0.6402460913516802,1.4189297945117723,0.5267025190075951,0.6823513012510587,0.8887665350847158,0.003977681988065964,ok,408.9266519546509
relu,True,"[13, 11, 9, 7]","[64,]*4",0.1957251950190815,"[256,]*2",0.0006216806346150076,10,0.502324257213425,0.6611378922239004,0.9330981164936945,0.9100801746083952,0.5123242756338147,0.002679720386176517,ok,1293.8773324489594
relu,True,"[13, 11, 9, 7]","[64,]*4",0.1826968742238529,"[256,]*2",0.0007102764855107508,10,0.5039309746514338,0.6338336161547381,0.8993498388955204,0.9139291194494158,0.7074361884361862,0.0031993215241910597,ok,1292.6633760929108
relu,True,"[13, 11, 9, 7]","[64,]*4",0.20405191191404093,"[256,]*2",0.0007910644479905744,10,1.0268622881323402,0.6477644438982314,0.922817416983326,0.5624549798630503,0.516238129100453,0.0018034649363375809,ok,1295.2287194728851
relu,True,"[13, 11, 9, 7]","[64,]*4",0.21707363021795387,"[256,]*2",0.0002869690523630419,10,1.0211763959633138,0.6659243316852903,0.9760663620829007,0.5062573154797516,0.5030653079932628,0.0017645421535953095,ok,1295.9318029880524
relu,True,"[13, 11, 9, 7]","[64,]*4",0.478118877688348,"[1024, 512]",0.0003368252628997903,10,1.0158946249940117,0.6712857846173363,0.7695636137543116,0.5230460005142421,0.8029764758325291,0.0027336794147758106,ok,1309.2046992778778
relu,True,"[13, 11, 9, 7]","[64,]*4",0.22665723058191875,"[512,]*2",0.00023601200364431195,10,1.1116567811746059,0.6121021024368212,0.9734031327250678,0.6040692545237358,0.6088892173172721,0.002242175635489586,ok,1299.7143664360046
relu,True,"[13, 11, 9, 7]","[64,]*4",0.15157516560319745,"[256,]*2",0.0008746044093648923,10,1.1361582625252167,0.7190367915522666,0.857160809590511,0.6100388250967343,0.793412233808969,0.002964783104528722,ok,1294.764003753662
relu,False,"[13, 11, 9, 7]","[64,]*4",0.20756771778630373,"[256,]*2",0.0002825104809551532,10,1.0506547838348665,0.8934364494572745,1.1040337665392213,0.787535567534806,0.5031860234163356,0.002956370247135821,ok,1152.7494821548462
relu,True,"[13, 11, 9, 7]","[64,]*4",0.16049046022094146,"[2048, 1024]",0.0004378268150993283,10,0.9504149039798826,0.581703295162745,1.1546958944059516,0.5932107518898557,0.642542290363062,0.0021467572078108788,ok,1341.0177919864655
relu,True,"[13, 11, 9, 7]","[64,]*4",0.24542518716858597,"[256,]*2",0.0008774868569257233,10,1.2088532109656627,0.5022539215076093,1.0031442902611276,0.501654164647039,0.8817001764428622,0.0032379738128695047,ok,1295.5552656650543
relu,False,"[13, 11, 9, 7]","[64,]*4",0.11902968159647286,"[1024,]*2",0.00010176731349911687,10,1.0667923907432826,1.0617981438141941,0.8265200928812707,0.6819655869155999,0.5562995028991089,0.0025248326312162376,ok,1183.1872472763062
relu,True,"[9,]*4","[64,]*4",0.2201099325918758,"[1024, 512]",0.00019181496618675116,10,0.978337596388912,0.7127853262157995,1.1895017938441161,0.838377913842383,0.7534030821203124,0.003151433119599364,ok,1134.8196625709534
relu,True,"[13, 11, 9, 7]","[64,]*4",0.16965544613918193,"[256,]*2",0.00033585734092613406,10,1.2669777639209072,0.9121216740821877,0.7611821134494859,0.6897138765455407,0.6489310781995523,0.0028427397329850415,ok,1296.0338129997253
relu,False,"[13, 11, 9, 7]","[64,]*4",0.3335527100272422,"[512,]*2",0.0009483105181695913,10,1.183753305761427,0.8149074333512982,0.9443436528727381,0.57673269659525,0.5074965774575232,0.0027462216829390903,ok,1139.6414399147034
relu,True,"[9,]*4","[8,]*4",0.13289118173990322,"[256,]*2",0.0005493982585758024,10,0.935130721906615,1.1734039437292765,1.024119153301019,0.6523662140284064,1.4534072227832258,0.0070672079822734785,ok,381.31920623779297
relu,True,"[13, 11, 9, 7]","[64,]*4",0.2594931852899615,"[1024, 2048]",0.00026277294863718805,10,1.3023535801335082,0.854305940168034,0.8920703341311518,0.5405969727893981,0.8627188112751555,0.0033249149564653635,ok,1327.2192492485046
relu,True,"[7,]*4","[64,]*4",0.40551792212330573,"[1024,]*2",0.0004373916441844827,10,1.060019268323608,0.7383090172818796,0.5947770345432681,0.7407163732455815,0.5654822696217422,0.002563522038000979,ok,987.0033967494965
relu,False,"[11, 9, 7, 5]","[64,]*4",0.47355444077267506,"[2048, 1024]",0.000185732907583413,10,0.7299698828977671,0.5960751781287886,1.1260303991237237,0.7903544306930603,0.7595778886183145,0.0030598630270871675,ok,1025.0180871486664
relu,True,"[13, 11, 9, 7]","[8,]*4",0.2728612551580763,"[128,]*2",0.0007224665156507038,10,1.0996693082359905,0.9414683642162526,1.4453068642627307,0.5461436286389131,0.6195351558391844,0.0027173126214428953,ok,417.0090398788452
relu,True,"[9,]*4","[16,]*4",0.2419169415943898,"[2048,]*2",0.0001315389698291557,20,1.008869861898398,0.7648114431727395,1.056451928871715,0.5064230682708055,0.9352509548750556,0.003703956118490743,ok,444.67265033721924
relu,True,"[5,]*4","[64,]*4",0.18849115050544743,"[256,]*2",8.394073653370637e-05,10,0.891980674402664,0.6852477688842641,1.1898222228388027,0.8420654510450458,0.7284795478528083,0.003528028187391005,ok,819.0271534919739
relu,True,"[11,]*4","[32,]*4",0.3390122862010599,"[1024, 512]",0.0010609516320624446,10,1.2006963421299233,1.2420314246251836,0.9655401223565381,0.7196587468304607,1.1404669974370274,0.005314426300557036,ok,581.5009100437164
elu,False,"[7,]*4","[64,]*4",0.07917047972344723,"[256,]*2",0.0018320892769177171,20,1.4958351491260728,0.5001084619401667,0.8282835120471725,0.6283412071905226,0.8334605588864548,0.004478118958343801,ok,824.4447474479675
relu,True,"[11, 9, 7, 5]","[8,]*4",0.3808988874095731,"[1024,]*2",0.00023031128980895973,10,0.8515680967471927,0.563290088944827,0.7700917254822507,0.9663006392028108,1.395195688592556,0.008019974724830766,ok,388.40501070022583
relu,True,"[13, 11, 9, 7]","[32,]*4",0.4513341551281292,"[1024, 2048]",0.0003753985342665007,20,0.7789456170987711,0.8409021392252289,1.0910275340514926,1.0566352460713442,1.2573808979514005,0.007205629108571692,ok,652.5450773239136
elu,True,"[5,]*4","[16,]*4",0.28758425893688316,"[512,]*2",0.00014703070850977757,10,0.6623227837001215,1.0747808663028209,0.8670300583101652,1.456120222775691,0.6648302798080331,0.008234683546776833,ok,382.7107720375061
relu,True,"[13, 11, 9, 7]","[64,]*4",0.32154817919987666,"[2048,]*2",0.00048172760304826214,10,1.4107860964823384,0.9784200336955867,0.67747582742576,1.2286666438776244,0.9326018471774875,0.0066902534546036466,ok,1375.736041545868
relu,False,"[11,]*4","[8,]*4",0.06529499159115282,"[512, 1024]",0.0011716066269979136,5,0.9240711885190205,0.6442477360526586,0.9237316566858877,0.7824008672941665,0.5276800399114586,0.0034554695563488885,ok,384.77404403686523
elu,True,"[7,]*4","[64,]*4",0.1403744226221688,"[128,]*2",0.0017279549729370745,20,1.3027137419999182,1.3615994583192224,0.7275154874889258,0.6441109259611123,0.5845015146121377,0.0025764758159455502,ok,959.4871916770935
relu,True,"[11, 9, 7, 5]","[32,]*4",0.36330715947123915,"[2048, 1024]",0.0007308143298407659,10,0.5622031281057529,0.7534285661595541,1.2346225962803754,0.5660171696660365,0.9958202776056627,0.0033732838070902383,ok,587.0778110027313
relu,False,"[9,]*4","[16,]*4",0.11734449956139148,"[256,]*2",9.759314089291925e-05,5,0.973137575952145,0.7983700133356728,1.4636424177369705,0.8312186782803099,1.168251740409889,0.009020479984189334,ok,385.11716413497925
elu,True,"[13, 11, 9, 7]","[64,]*4",0.2240121720664333,"[256,]*2",0.0003848238153738612,20,0.8640823323488848,0.8733926533008814,1.0317824925442922,0.9478441977776778,0.6784444823068286,0.003925637011171172,ok,1301.3574814796448
relu,True,"[5,]*4","[64,]*4",0.19931627907413058,"[512, 1024]",0.0014301401864850617,10,1.1695385399817073,0.689348571778153,1.3521161989623272,0.7208996645626438,0.7587363728587679,0.003593341055277147,ok,833.4211513996124
relu,True,"[13, 11, 9, 7]","[32,]*4",0.25933923879251725,"[1024, 2048]",0.0001631815818552969,5,0.7873114577211314,1.0284726394351833,0.9961614516150222,1.3863816735447856,1.046640540499981,0.007551351292548995,ok,650.9043459892273
elu,True,"[11,]*4","[8,]*4",0.17738948444282798,"[1024, 512]",0.0037994809935788013,10,1.032140816627038,0.535568482699043,0.8006318661993203,1.1133331306657237,0.6314831433985838,0.00590738031621042,ok,391.16134452819824
relu,False,"[7,]*4","[16,]*4",0.10441898884485999,"[256,]*2",0.00021698490480572674,10,1.2383308738305245,0.9427759355397884,0.510853234215382,0.8703447818115689,1.115365506862034,0.0073666924757784915,ok,380.123770236969
relu,True,"[11, 9, 7, 5]","[64,]*4",0.3085687905319246,"[2048,]*2",0.004959844249119242,20,1.0945234456377875,0.6264471427441323,0.5814207480967717,0.5003914344957708,1.3421307677376135,0.007162617225396006,ok,1192.8124001026154
elu,True,"[13, 11, 9, 7]","[64,]*4",0.03718085544007507,"[128,]*2",0.0002899532530366209,5,0.6796077377139909,1.2652977377513592,1.1532336567226065,1.2653415955591218,1.4824935268783737,0.010508738972834851,ok,1297.8504827022552
relu,True,"[9,]*4","[32,]*4",0.008295298834248621,"[512,]*2",0.0006352362801427705,10,0.9754006622531818,0.5883815472646091,1.0776081197406397,0.6684225209496363,0.5858470594282177,0.0022780696591852526,ok,595.8791358470917
relu,False,"[13, 11, 9, 7]","[64,]*4",0.061098322718366904,"[1024,]*2",0.0025838774202676384,10,1.1452016578152306,1.1961609739750527,1.1957345841314546,0.9970956836258974,0.8367843789705243,0.13815271148556157,ok,1133.6480927467346
relu,True,"[13, 11, 9, 7]","[64,]*4",0.16001123531941178,"[2048, 1024]",0.00046912571356126214,10,0.9145890546014938,0.5555338567186862,1.1506980979144938,0.5977893932966727,0.5342754118638022,0.0018972527774933138,ok,1340.7195553779602
relu,True,"[13, 11, 9, 7]","[64,]*4",0.21004233370023412,"[2048, 1024]",0.0008193069279776009,10,0.9034290289392926,0.5024598167354533,1.1204213407903847,0.6186934370219549,0.5269791597168332,0.002047399371421259,ok,1341.3328075408936
relu,True,"[13, 11, 9, 7]","[64,]*4",0.15507274414768213,"[2048, 1024]",0.0005530081288822446,10,0.8319927975916994,0.5689545110463277,1.2621280229038547,0.5626873054403865,0.5014990795656405,0.0016826520778091723,ok,1341.8397648334503
relu,True,"[13, 11, 9, 7]","[64,]*4",0.14303496155855805,"[2048, 1024]",0.0005181356684960795,10,0.6128793066326284,0.7784050325838767,1.3957770171643327,0.5554528800110027,0.7281565633591199,0.0022230594615010838,ok,1342.9172999858856
relu,True,"[13, 11, 9, 7]","[64,]*4",0.23400144220463154,"[2048, 1024]",0.0011703745272875347,10,0.8309924546178189,0.6978806432874655,0.8645937628299478,0.6974301212637086,0.6026053619047083,0.0023860790227588856,ok,1341.123143196106
relu,True,"[13, 11, 9, 7]","[64,]*4",0.12402390561834972,"[2048, 1024]",0.000565110237835741,10,0.6978806028609128,0.6550138264436649,0.9102959173036934,0.5276886392566779,0.6833605823379001,0.0020633553105749583,ok,1341.0692722797394
relu,True,"[13, 11, 9, 7]","[64,]*4",0.0968284856857759,"[256,]*2",0.0019985801715172212,10,0.7244557601396654,0.6143631076870002,1.2552178995475656,0.8075573902853288,0.5002476688001973,0.0023848501793844136,ok,1291.3082752227783
relu,True,"[5,]*4","[64,]*4",0.2871376527456193,"[256,]*2",0.0009963509983475516,10,0.5913501676024067,0.8133503485442757,0.9683814621553586,0.7594145917121399,0.5640132880788771,0.002539824381911833,ok,818.6655776500702
relu,True,"[13, 11, 9, 7]","[64,]*4",0.2080502172983661,"[512, 1024]",0.0003781073612101315,10,0.8644956887003328,0.5217716828554396,1.4932473643068147,0.581486248268722,0.639865935693942,0.0021069915168673583,ok,1300.3008320331573
relu,True,"[11,]*4","[16,]*4",0.17025662453961465,"[2048, 1024]",0.0003356042084099661,10,1.0830352572966102,0.7270339532941402,1.0559714808110543,0.6493428176070057,0.7818014269734014,0.003068616969118777,ok,427.8434705734253
relu,True,"[13, 11, 9, 7]","[8,]*4",0.25555067053346414,"[256,]*2",0.0015441809472309836,10,0.9479709094427552,0.5674775971755583,1.0082890985835515,0.715155182087043,0.7041808721488925,0.0033081019493310074,ok,418.1143341064453
relu,True,"[11, 9, 7, 5]","[64,]*4",0.18396463613485275,"[1024, 2048]",0.0007978261161407013,5,1.1288074771594783,0.8948569802938565,1.3240223687689359,0.8844434708141786,0.567971897470986,0.003239304023353677,ok,1126.4635717868805
relu,True,"[7,]*4","[64,]*4",0.15179209950011455,"[1024, 512]",0.0006550662038048781,10,1.0314484765590441,0.5993597169075504,0.8332082956653384,0.7453753360433435,0.5077002806254277,0.0023719374960484473,ok,980.3886308670044
elu,True,"[13, 11, 9, 7]","[64,]*4",0.23655786721660768,"[512,]*2",0.0002078453941246697,20,0.8005858726829529,0.6735252040311683,0.7314347309776411,0.5090615496072205,0.6160992515025192,0.002126576256399092,ok,1306.331327199936
relu,False,"[9,]*4","[32,]*4",0.2154840331952535,"[128,]*2",0.0002596082543062494,10,0.7514415030370565,1.109819084452997,1.4164404796769414,0.5335624239316633,0.9317809397313308,0.0035898512425391296,ok,530.9879031181335
relu,True,"[13, 11, 9, 7]","[64,]*4",0.27085834594735825,"[2048,]*2",6.302765450420953e-05,10,1.0028065383853817,0.9157074003693488,0.9377225459118395,0.6270701196869675,0.7313562045416834,0.002843565675184915,ok,1377.3789174556732
relu,True,"[5,]*4","[8,]*4",0.3482607930255459,"[1024,]*2",0.001311774007649397,10,1.3221438361106148,0.5322042237589634,1.3064744534121406,0.5620025702978081,0.5431701610470592,0.0025643883456819153,ok,379.5465545654297
relu,True,"[13, 11, 9, 7]","[16,]*4",0.19290996265198876,"[256,]*2",0.00030289212246618116,5,0.5350373484000193,0.7036752228737225,1.260965156135097,0.665552711062837,0.8386543937914533,0.003272807139805273,ok,449.4550154209137
elu,True,"[11,]*4","[64,]*4",0.1250206926994829,"[256,]*2",0.00012251351654316163,10,1.2308735742764236,0.7471928857420627,0.6254170704758268,1.0576898744941479,0.646928681971664,0.005350988946462932,ok,1310.7064323425293
relu,False,"[13, 11, 9, 7]","[64,]*4",0.39532174349434335,"[2048, 1024]",0.00015943289687471942,20,1.1192172311798707,0.8663233519904809,0.8807766627804873,0.5006305723804668,0.6660749712896407,0.0024751357758711827,ok,1199.6830232143402
relu,True,"[7,]*4","[64,]*4",0.11008819943829917,"[256,]*2",0.00024820345487425936,10,1.168315157777712,0.832906936016041,0.7912355565717469,0.7776384039009738,0.5930680444450119,0.0028721668304091223,ok,957.8444859981537
relu,True,"[11, 9, 7, 5]","[32,]*4",0.08870213776848485,"[512, 1024]",0.00043731454331853107,10,0.9602648829272623,0.6379179567563601,1.2161228583464285,0.5869614478940968,0.5007012940434442,0.0019160428292755234,ok,547.8275768756866
relu,True,"[9,]*4","[8,]*4",0.026382009891867536,"[1024, 512]",0.0010925360205880149,10,1.0403922174287334,1.4851676684295183,1.3696696739986196,0.8150372674227996,1.4368962377879586,0.008048419889650847,ok,386.07717967033386
elu,False,"[13, 11, 9, 7]","[16,]*4",0.3176702825517387,"[1024, 2048]",0.0009244751759534049,5,0.9901040307874223,0.9818552759661271,0.99542800522217,0.708062151438594,1.1989722427101115,0.008378715646502218,ok,447.4181866645813
relu,True,"[13, 11, 9, 7]","[64,]*4",0.2478848143356288,"[512,]*2",0.000400666510497254,20,1.0703274987695603,1.0255008457982209,0.8406693507563956,0.921553722981892,0.8179682188585697,0.00419244771872304,ok,1296.3067617416382
relu,True,"[5,]*4","[64,]*4",0.28417950948312015,"[256,]*2",0.0031461755259120806,10,0.8395562124215384,0.7677180555863954,1.0998277996493064,0.7318308065188881,0.9584742199416492,0.0046314843072506945,ok,819.3673367500305
relu,True,"[11,]*4","[64,]*4",0.30123104512245397,"[2048,]*2",0.0005092284753609606,10,0.8768519614119399,0.5007475380155546,1.1746705977202974,1.1916031113105954,0.8966307246233189,0.005573420662825045,ok,1364.6839261054993
elu,True,"[13, 11, 9, 7]","[32,]*4",0.06697867165592208,"[128,]*2",9.744607894946603e-05,10,1.2686818069385828,0.5759432653819969,1.0578546450185868,0.6090204710091571,0.7855610424758157,0.004108952480907503,ok,629.6472685337067
relu,False,"[7,]*4","[64,]*4",0.16982563453472593,"[1024,]*2",0.0006785271724492143,5,0.9286471722858285,0.7940707468127512,0.6898506773419263,0.6765849782140049,0.5508852716192469,0.002459659847724987,ok,836.4744729995728
relu,True,"[11, 9, 7, 5]","[8,]*4",0.20068656112808209,"[2048, 1024]",0.00017600805939142576,10,0.815648514082399,0.617563205169456,0.9500449484736034,1.310084929612992,1.011395433132705,0.00753342901895705,ok,395.560174703598
relu,True,"[13, 11, 9, 7]","[16,]*4",0.22933864663655262,"[256,]*2",0.0005920968202601158,20,0.7720265250853148,0.6640974529152602,0.913682243843349,0.5223391339094529,1.2953280173236528,0.005624534660264065,ok,451.10758233070374
relu,True,"[9,]*4","[64,]*4",0.050033848845423584,"[2048, 1024]",0.002694068054098421,10,1.2092285400409324,0.7283961193524743,0.7465171267781501,1.4970072546962343,0.5198726443664439,0.007349565845767134,ok,1171.4342930316925
elu,False,"[13, 11, 9, 7]","[64,]*4",0.1333062976718118,"[256,]*2",0.0002747004980181729,10,0.720965849864023,0.5402210045565843,1.229201688097918,0.6384000225127751,0.7454104821935532,0.003262181594771774,ok,1180.3744645118713
relu,True,"[13, 11, 9, 7]","[64,]*4",0.3329621230347656,"[1024, 512]",0.0008018944342211015,10,1.0188544426034547,0.9645028537463867,1.1225169070474397,1.0910523868406268,0.8691251369583026,0.005056785370566343,ok,1310.0017170906067
relu,True,"[5,]*4","[32,]*4",0.15697157201613934,"[512, 1024]",0.0022066206767029383,5,0.9009816347557617,0.5150264647508042,0.9833283813246712,0.5687437463358489,0.6985713934939991,0.002844132225666391,ok,482.71515107154846
relu,True,"[11,]*4","[64,]*4",0.1468105299803612,"[1024, 2048]",0.00032677795456967866,10,1.0545502793914745,1.302598601506771,0.7828737614203134,0.7654994581706023,0.5725534852088844,0.002716764868972333,ok,1330.387182712555
relu,True,"[13, 11, 9, 7]","[8,]*4",0.10147118369115316,"[2048,]*2",0.001577527001668631,20,1.4340970312466308,0.9276793577853018,1.0318584069070134,0.5467110876139578,0.6609780393790098,0.0033916322342855366,ok,466.4861295223236
elu,False,"[7,]*4","[16,]*4",0.18089456058379755,"[512,]*2",0.0019129090771905308,10,0.6282483866153741,0.8122914464261948,0.88992303561041,1.0179803008782295,0.6228136617399112,0.004606688566701977,ok,388.98890566825867
relu,True,"[13, 11, 9, 7]","[64,]*4",0.3648810672682703,"[256,]*2",0.0002003137762084022,10,0.9454632322434855,0.5500584117601488,0.6487882719069045,0.9745604843178146,1.3232847078101493,0.006801717301928683,ok,1296.3116900920868
relu,True,"[11, 9, 7, 5]","[64,]*4",0.2677356866173211,"[128,]*2",0.0002305971902865186,10,0.7584588387068066,0.5985095586333953,1.436804446212856,0.6989801389618681,1.0931215813763533,0.00453631479391142,ok,1081.2780237197876
relu,True,"[9,]*4","[64,]*4",0.21998085077783264,"[2048, 1024]",0.0012834148673728015,5,0.6591888468336304,0.6819389974980109,0.8093378812637063,0.8526606571435471,1.2678233003111665,0.0061961828093779715,ok,1174.3256084918976
relu,True,"[13, 11, 9, 7]","[32,]*4",0.29780409507970074,"[1024,]*2",0.00014065108732972905,10,1.0918341085722307,1.007950259499738,1.1722832770622416,0.8877246239200975,0.6862377381445636,0.003441628178973731,ok,639.8907182216644
elu,True,"[13, 11, 9, 7]","[64,]*4",0.08458659008929267,"[256,]*2",0.0005468582276420701,20,0.6928900930246746,1.377344520990122,1.2104081867027867,0.6577781119260797,0.9127555095595883,0.003606298276664395,ok,1303.6734216213226
relu,False,"[5,]*4","[8,]*4",0.2456419301783012,"[2048, 1024]",0.00011013739658716145,10,1.1542938007106902,0.6412008060316132,1.0195438699068267,0.817883319572132,0.542774491231411,0.00565407863867126,ok,387.5014111995697
relu,True,"[13, 11, 9, 7]","[16,]*4",0.11326030392457426,"[256,]*2",0.00035410085190426175,10,1.2634682879446064,0.7143214946971739,1.073057360564782,0.5959781403786144,0.6045925484397573,0.002499361528622869,ok,452.16847944259644
relu,True,"[11,]*4","[64,]*4",0.4620382520628896,"[512, 1024]",7.567555081224467e-05,10,0.8808827054389208,0.857330574976186,0.9484901937246042,0.9301407840509618,0.767710198008426,0.003736571947994985,ok,1312.515990972519
relu,True,"[13, 11, 9, 7]","[64,]*4",0.4961699763069197,"[1024, 512]",0.00041049157963983995,5,1.187953419257207,1.0629778299629429,1.1400461870390426,0.7998608461077872,0.7211679395132918,0.0035925196348934583,ok,1312.2444260120392
elu,True,"[7,]*4","[64,]*4",0.07247921987424545,"[1024, 2048]",0.0007691180443018804,10,1.368214131616893,1.152058257562879,0.8527245962859309,1.1288475511398839,0.5008890747188111,0.004384165862575173,ok,1016.2944183349609
relu,False,"[11, 9, 7, 5]","[32,]*4",0.16523976066393836,"[512,]*2",0.00047725208429842914,20,0.9900455504636052,1.1058254919614692,1.2681703299077627,0.5224662575540117,1.0375390796657584,0.0042236355059829195,ok,485.3034632205963
relu,True,"[9,]*4","[64,]*4",0.2564637316047508,"[256,]*2",0.003495080866254206,10,0.7965986541522041,0.8834348885519772,1.3346907491437117,1.421795939136303,0.8093987716257708,0.007257224477239345,ok,1122.1885409355164
relu,True,"[13, 11, 9, 7]","[8,]*4",0.19844906064750903,"[2048, 1024]",8.729102801910714e-05,10,0.849481550023388,0.7585989422552637,0.7128332820895669,0.6223932891237904,0.5856893080355832,0.0026946289244254955,ok,440.94775795936584
relu,True,"[13, 11, 9, 7]","[16,]*4",0.021672397256585457,"[2048,]*2",0.0008704695822884766,10,1.0749831373436993,1.2102623081260528,0.5407533569088798,0.5516317167823714,0.5296871664920685,0.0020483900535557616,ok,503.4261860847473
elu,True,"[5,]*4","[64,]*4",0.2775241936233943,"[1024,]*2",0.0010087736170352488,10,0.96823408222107,0.5736339757366666,1.3067203328493422,0.7551743716170607,1.4120794109089467,0.007320428242612826,ok,883.0086755752563
relu,False,"[13, 11, 9, 7]","[64,]*4",0.43163064523426975,"[128,]*2",0.0003027467735615703,5,1.1112433494459126,0.7794565116594765,1.0545337537881785,0.5812913059236677,1.2173993739155675,0.006797600218928174,ok,1149.7070803642273
relu,True,"[11,]*4","[64,]*4",0.34724182140729154,"[256,]*2",0.00035472006107915903,20,0.9150956819056915,0.6209609604866415,0.8172952458927505,1.2249564856526356,0.9652516975340666,0.006538309377471083,ok,1305.2076344490051
relu,True,"[13, 11, 9, 7]","[64,]*4",0.13090083477744396,"[2048, 1024]",0.004339272993131762,10,0.5992861952243616,0.8318596341624073,1.093986153427102,1.370219197229329,0.8532744778596764,0.007868885013617967,ok,1340.8503952026367
relu,True,"[7,]*4","[32,]*4",0.04239502222050326,"[256,]*2",0.0011410113040430233,10,1.0232627283051987,0.6560644017958985,1.4756504776542114,0.6869962545040953,0.6568750426187496,0.0026796387300189388,ok,515.049222946167
elu,True,"[11, 9, 7, 5]","[8,]*4",0.18791124983866456,"[512, 1024]",0.0007169401761999157,10,0.5148449126975054,0.7348208700075219,0.9603982918885469,0.5092930714600105,0.6169322963049086,0.0023947823976509667,ok,386.91836166381836
relu,False,"[13, 11, 9, 7]","[64,]*4",0.17501392118859901,"[1024, 512]",0.0006034639347647479,10,0.7430941761671581,0.6969335086757408,0.8743646033752135,0.7297091273140525,0.634351019180422,0.0027221805036165996,ok,1157.256021976471
relu,True,"[9,]*4","[16,]*4",0.057939698780265655,"[1024, 2048]",0.0014321508600910733,5,1.3401268279915517,0.9054519217483485,0.7480565248824564,1.0464149024762264,0.5592112729703945,0.004459050373713437,ok,415.90521025657654
